<?xml version="1.0" encoding="UTF-8"?>
<classpath>
	<classpathentry kind="src" path="src"/>
	<classpathentry kind="con" path="org.eclipse.jdt.launching.JRE_CONTAINER/org.eclipse.jdt.internal.debug.ui.launcher.StandardVMType/JavaSE-11">
		<attributes>
			<attribute name="module" value="true"/>
		</attributes>
	</classpathentry>
	<classpathentry kind="lib" path="C:/Users/bhavi/Documents/workspace-sts-3.9.8.RELEASE/jar_files/commons-logging-1.2.jar"/>
	<classpathentry kind="lib" path="C:/Users/bhavi/Documents/workspace-sts-3.9.8.RELEASE/jar_files/spring-aop-4.3.1.RELEASE.jar"/>
	<classpathentry kind="lib" path="C:/Users/bhavi/Documents/workspace-sts-3.9.8.RELEASE/jar_files/spring-beans-4.3.1.RELEASE.jar"/>
	<classpathentry kind="lib" path="C:/Users/bhavi/Documents/workspace-sts-3.9.8.RELEASE/jar_files/spring-context-4.3.1.RELEASE.jar"/>
	<classpathentry kind="lib" path="C:/Users/bhavi/Documents/workspace-sts-3.9.8.RELEASE/jar_files/spring-core-4.3.1.RELEASE.jar"/>
	<classpathentry kind="lib" path="C:/Users/bhavi/Documents/workspace-sts-3.9.8.RELEASE/jar_files/spring-expression-4.3.1.RELEASE.jar"/>
	<classpathentry kind="output" path="bin"/>
</classpath>
