<?xml version="1.0" encoding="UTF-8"?><project-modules id="moduleCoreId" project-version="1.5.0">
    <wb-module deploy-name="SpringMvcJavaBasedFirst-0.0.1-SNAPSHOT">
        <wb-resource deploy-path="/" source-path="/target/m2e-wtp/web-resources"/>
        <wb-resource deploy-path="/" source-path="/WebContent" tag="defaultRootSource"/>
        <wb-resource deploy-path="/WEB-INF/classes" source-path="/src"/>
        <wb-resource deploy-path="/WEB-INF/classes" source-path="/resources"/>
        <property name="context-root" value="SpringMvcJavaBasedFirst"/>
        <property name="java-output-path" value="/SpringMvcJavaBasedFirst/build/classes"/>
    </wb-module>
</project-modules>
